ASN00015643,20150101,373
ASN00085296,20150101,254
ASN00085280,20150101,262
CA005030984,20150101,-175
CA003076680,20150101,15
CA003072151,20150101,19
CA003031094,20150101,14
ASN00068151,20150101,280
ARM00087582,20150101,280
USW00094626,20150101,-60
UVM00065518,20150101,320
USW00024229,20150101,39
USW00014719,20150101,44
USW00024061,20150101,-149
USS0018F01S,20150101,-17
USS0019L03S,20150101,47
USW00003048,20150101,8
USW00003889,20150101,28
USW00004131,20150101,-164
USW00003967,20150101,11
USW00012842,20150101,233
USS0017B04S,20150101,-94
USW00012876,20150101,239
USS0014G01S,20150101,-40
USS0014F03S,20150101,4
CA002201903,20150101,-250
USS0014C04S,20150101,-74
USS0011G06S,20150101,-12
USS0013D26S,20150101,-115
USS0011G01S,20150101,-55
USS0006J03S,20150101,-41
USS0008M07S,20150101,-22
USR0000TLEW,20150101,39
USR0000TSBS,20150101,78
USR0000CFIV,20150101,72
USR0000CHAS,20150101,122
USR0000MMAR,20150101,100
USR0000AHOW,20150101,-51
USR0000ABRO,20150101,6
CA001107010,20150101,50
USC00509314,20150101,-61
USC00470645,20150101,-83
USC00455704,20150101,0
BXM00096315,20150101,280
USC00421168,20150101,-78
USC00426568,20150101,-139
USC00419361,20150101,72
USC00412238,20150101,-72
USC00385633,20150101,106
USC00363028,20150101,-50
USC00358466,20150101,28
USC00348900,20150101,11
USC00349404,20150101,-22
USC00350265,20150101,-33
USC00355392,20150101,-39
TH000048565,20150101,315
USC00340027,20150101,6
SWE00140492,20150101,75
USC00331042,20150101,-56
USC00336949,20150101,-44
USC00317344,20150101,56
USC00322605,20150101,-33
USC00314496,20150101,-11
USC00310090,20150101,72
USC00294112,20150101,-94
SWE00137628,20150101,55
SWE00137802,20150101,57
USC00264698,20150101,0
SP000008410,20150101,149
ASN00008296,20150101,387
USC00258806,20150101,-44
USC00248957,20150101,-17
ASN00024580,20150101,366
USC00219072,20150101,-106
RSM00029866,20150101,-10
RQW00011630,20150101,294
PLM00012205,20150101,50
NOE00109640,20150101,78
USC00112745,20150101,-78
USC00093060,20150101,89
USC00091266,20150101,122
USC00080414,20150101,278
USC00069162,20150101,-11
ML000061297,20150101,295
USC00053500,20150101,-122
USC00036768,20150101,50
KZ000029807,20150101,-30
USC00027281,20150101,94
JA000047624,20150101,45
KG000038353,20150101,115
JA000047616,20150101,9
JA000047612,20150101,17
USC00013575,20150101,72
HUE00152450,20150101,-44
BA000041150,20150101,233
GME00129430,20150101,25
GME00125686,20150101,13
GME00126490,20150101,4
GME00124774,20150101,-2
FR000007630,20150101,11
GME00102292,20150101,54
FIE00145157,20150101,56
FIE00143276,20150101,34
FIE00143570,20150101,41
FI000002401,20150101,36
EN000026029,20150101,59
CQC00914801,20150101,289
CHM00058362,20150101,46
CEM00043441,20150101,308
ASN00016065,20150101,403
CA007017380,20150101,-40
ASN00079028,20150101,325
ASN00080091,20150101,339
CA006124127,20150101,-10
ASN00074258,20150101,348
ASN00068241,20150101,276
USW00093990,20150101,-27
ASN00009256,20150101,239
USC00411267,20150101,-78
USC00402108,20150101,11
USC00385946,20150101,106
USC00361212,20150101,-28
USC00367029,20150101,-72
USC00367732,20150101,6
USC00356784,20150101,133
USW00093721,20150101,61
USW00023110,20150101,111
USS0015H24S,20150101,0
USW00003030,20150101,6
USR0000WBAR,20150101,-33
USS0005G05S,20150101,-16
USW00012935,20150101,83
USS0006P10S,20150101,-53
USR0000OHAY,20150101,-44
USR0000NLOS,20150101,-28
USR0000OBEN,20150101,11
CA003020679,20150101,31
CA008300418,20150101,-27
USC00237578,20150101,-33
USC00216839,20150101,-72
USC00215325,20150101,-61
USC00176937,20150101,-61
RSM00031295,20150101,-158
USR0000ASCA,20150101,56
USR0000IIND,20150101,-106
USR0000AHLM,20150101,150
USC00502339,20150101,-28
USC00500284,20150101,0
USC00489616,20150101,-78
USC00475017,20150101,-33
USC00466248,20150101,-50
USC00457696,20150101,22
USC00457180,20150101,-61
USC00450668,20150101,-61
USC00435273,20150101,-17
USC00416733,20150101,-22
CA001017101,20150101,45
USC00411810,20150101,72
IV000005592,20150101,310
USC00351897,20150101,39
USC00341270,20150101,-11
USC00350304,20150101,39
TX000038511,20150101,42
TX000038687,20150101,137
USC00306196,20150101,-67
TH000048475,20150101,277
SWE00140442,20150101,66
SWE00140350,20150101,30
USC00264341,20150101,-17
SWE00139452,20150101,58
ASN00056238,20150101,287
USC00247342,20150101,-11
USC00245872,20150101,17
USC00244364,20150101,-44
IDM00097240,20150101,294
ASN00041529,20150101,289
GME00131362,20150101,-5
GME00132310,20150101,3
GME00128818,20150101,17
USC00152548,20150101,-11
RSM00029562,20150101,1
USC00143954,20150101,-56
USC00135769,20150101,-67
USC00137844,20150101,-11
USC00135493,20150101,-17
RP000098755,20150101,302
RQC00660061,20150101,267
USC00106388,20150101,-100
RP000098232,20150101,250
USC00102260,20150101,-100
NOE00105483,20150101,84
USC00049073,20150101,89
USC00046144,20150101,133
USC00046386,20150101,106
GME00122962,20150101,-8
FP000091938,20150101,318
CHM00059265,20150101,199
CHM00058527,20150101,118
CHM00057290,20150101,80
CHM00056954,20150101,218
CHM00052787,20150101,-10
ASN00016096,20150101,401
IN011020300,20150101,265
CA007053038,20150101,-31
CA007027039,20150101,-21
USW00094178,20150101,-88
USW00053855,20150101,44
USW00053909,20150101,17
USW00093009,20150101,-71
USS0021F10S,20150101,54
USW00004839,20150101,11
USW00004842,20150101,6
USW00012844,20150101,250
USS0014A14S,20150101,-50
USS0018D21S,20150101,-17
USS0011L03S,20150101,-21
USW00014770,20150101,44
USS0006P01S,20150101,-50
USR0000WCOU,20150101,83
USS0006J12S,20150101,-45
USR0000LCAT,20150101,50
USR0000TGEO,20150101,50
USR0000CTRA,20150101,67
USR0000CTAY,20150101,-33
USR0000INUC,20150101,-44
USR0000CSTO,20150101,139
CA004018642,20150101,-50
USR0000CSAD,20150101,133
USR0000CJAR,20150101,100
USR0000ADRY,20150101,-61
USR0000AIMY,20150101,-82
CA003072723,20150101,-113
USC00470742,20150101,-83
USC00473661,20150101,-72
USC00454572,20150101,-28
USC00469610,20150101,39
ASN00069139,20150101,291
CA003056214,20150101,-38
USC00453529,20150101,-50
USC00440993,20150101,72
CA008402644,20150101,-60
USC00368868,20150101,-50
USC00344250,20150101,-17
USC00318292,20150101,67
USC00319357,20150101,83
USC00312500,20150101,117
USC00301625,20150101,-83
UPM00034712,20150101,-20
CA001062544,20150101,75
USC00240770,20150101,-6
USC00231087,20150101,-33
USC00229230,20150101,83
SIM00014015,20150101,-30
SP000008027,20150101,109
SPE00120593,20150101,94
SFM00068263,20150101,249
SFM00068842,20150101,270
USC00205822,20150101,-44
USC00202851,20150101,-61
USC00190192,20150101,-28
USC00172443,20150101,-22
USC00188380,20150101,78
SF002146700,20150101,263
USC00155640,20150101,-11
USC00155280,20150101,-11
ASN00033257,20150101,325
USC00390043,20150101,-72
USC00058501,20150101,-78
USC00054724,20150101,-89
NOE00134598,20150101,103
NOE00109459,20150101,69
MJM00013459,20150101,-4
LAW00041074,20150101,260
TH000048375,20150101,295
USC00256765,20150101,-28
USC00245603,20150101,6
USC00243098,20150101,11
USC00243581,20150101,6
RSM00030802,20150101,-10
RSM00030764,20150101,-205
USC00089219,20150101,217
GME00126430,20150101,-10
GME00123130,20150101,19
FIE00145702,20150101,11
FRE00171627,20150101,128
FIE00145221,20150101,41
ECM00084088,20150101,204
JA000047656,20150101,79
CHM00057662,20150101,108
CHM00058321,20150101,72
CO000080222,20150101,214
ASN00019062,20150101,357
IDM00096741,20150101,294
AGM00060430,20150101,95
ASN00085279,20150101,251
CA008103201,20150101,-38
CA007024320,20150101,-50
CA006158355,20150101,-9
ZI000067775,20150101,230
USW00094236,20150101,28
USW00092826,20150101,291
USW00093720,20150101,78
USW00063899,20150101,148
USS0010J17S,20150101,4
USS0011D19S,20150101,49
USR0000TMEI,20150101,56
USS0009L03S,20150101,-36
USR0000OBRI,20150101,33
USR0000PALL,20150101,-6
USR0000OBAS,20150101,-22
USR0000MRAC,20150101,-56
USR0000MENN,20150101,-78
CA002403854,20150101,-374
ASN00012305,20150101,434
USR0000CSLA,20150101,67
CA002100182,20150101,-50
USR0000CGOR,20150101,56
USR0000CMRF,20150101,-22
USR0000CDMC,20150101,106
USR0000ALIR,20150101,94
USC00509641,20150101,-17
USC00470486,20150101,-94
USC00458715,20150101,0
USC00463544,20150101,0
USC00453222,20150101,-78
USC00450456,20150101,17
USC00446712,20150101,33
USC00416776,20150101,-67
USC00442208,20150101,33
USC00414382,20150101,56
AM000037959,20150101,50
CA004020286,20150101,10
SPE00156414,20150101,101
USC00360582,20150101,-22
USC00362942,20150101,-39
USC00349130,20150101,0
USC00341828,20150101,-39
ASN00029141,20150101,410
USC00334979,20150101,22
USC00326025,20150101,-22
USC00317400,20150101,61
SF003174470,20150101,387
USC00267620,20150101,-22
USC00253615,20150101,-72
USC00236826,20150101,-22
USC00237051,20150101,-39
USW00054791,20150101,-10
USW00053869,20150101,33
USW00054743,20150101,28
ASN00014015,20150101,269
USW00025329,20150101,72
USW00023801,20150101,144
USW00024126,20150101,-38
USW00013964,20150101,22
USS0023G09S,20150101,82
USS0063P01S,20150101,-27
USW00004141,20150101,76
USW00012923,20150101,94
USW00013781,20150101,56
USS0021C20S,20150101,-15
USS0013F09S,20150101,9
USS0015J09S,20150101,-11
USC00150397,20150101,33
USC00104384,20150101,-122
USC00103448,20150101,-72
USC00094700,20150101,100
ASN00023885,20150101,356
USC00047851,20150101,161
USC00054736,20150101,-17
USC00051620,20150101,-100
USC00020678,20150101,-39
USC00018438,20150101,94
KZ000035849,20150101,-11
USC00413675,20150101,-6
SWE00140118,20150101,58
USC00399367,20150101,-167
USC00399347,20150101,39
ASN00031010,20150101,337
SWE00139148,20150101,65
USC00385017,20150101,78
USC00388887,20150101,94
USC00391740,20150101,-94
USC00380126,20150101,117
ASN00046129,20150101,394
RSM00030439,20150101,-124
RSM00027393,20150101,-217
USC00230163,20150101,-39
USC00218947,20150101,-28
RSM00026702,20150101,49
USC00210643,20150101,-83
RSM00023330,20150101,-306
ROE00108890,20150101,-74
GME00120958,20150101,41
FR069029001,20150101,31
FRE00106200,20150101,28
EGM00062305,20150101,150
CHM00053502,20150101,13
JA000047814,20150101,8
IDM00096655,20150101,329
BF000078073,20150101,280
GME00131146,20150101,50
GME00127534,20150101,57
CA004047240,20150101,-1
USW00094814,20150101,-38
USW00094056,20150101,17
USW00094085,20150101,-10
USW00053155,20150101,-48
USW00023162,20150101,-61
USW00024137,20150101,-10
USW00014605,20150101,-27
USW00014897,20150101,-55
USW00014914,20150101,-21
ARM00087509,20150101,310
CA007041100,20150101,-30
ASN00009789,20150101,218
CA00702FR30,20150101,-50
CA007016675,20150101,-55
USC00446656,20150101,94
USC00452914,20150101,44
USC00412820,20150101,39
USC00413877,20150101,39
USC00415183,20150101,-72
USC00410012,20150101,-72
CA005022791,20150101,-160
SWE00140856,20150101,43
TH000048567,20150101,308
SWE00140714,20150101,64
USC00302574,20150101,-33
USC00274329,20150101,-78
SWE00139156,20150101,61
USC00262708,20150101,-94
USC00247263,20150101,-6
USC00247265,20150101,0
USC00255700,20150101,-11
SWE00136720,20150101,23
SWE00138256,20150101,67
USC00226894,20150101,111
USC00213296,20150101,-94
USS0051R01S,20150101,-57
USW00003820,20150101,156
USS0008T01S,20150101,6
USS0015H19S,20150101,-4
USS0022G24S,20150101,46
USR0000VELM,20150101,-33
USS0005M16S,20150101,-20
USR0000WEST,20150101,-6
USR0000SANP,20150101,133
USR0000MKLL,20150101,-61
USR0000FWIL,20150101,178
USR0000MWAT,20150101,-44
USR0000MSPI,20150101,-67
USR0000CBLD,20150101,50
CA003013660,20150101,-9
USC00507557,20150101,83
CA003012073,20150101,-28
USC00476380,20150101,-89
USC00482399,20150101,0
USC00472869,20150101,-78
USC00462717,20150101,-33
CA00220B68C,20150101,-264
CA002303685,20150101,-354
USC00099124,20150101,144
USC00084500,20150101,217
ROE00100902,20150101,-82
USC00069388,20150101,-17
USC00047085,20150101,-11
USC00051121,20150101,-72
MGM00044230,20150101,-91
USC00027530,20150101,28
KZ000036208,20150101,10
IRM00040827,20150101,178
USC00368073,20150101,50
USC00365109,20150101,-28
USC00356179,20150101,-78
CA00107G879,20150101,-15
CA001022689,20150101,46
USC00325710,20150101,-28
USC00327704,20150101,-28
USC00321408,20150101,-17
GMM00010309,20150101,46
GME00131062,20150101,42
USC00173862,20150101,-50
USC00160103,20150101,61
USC00157652,20150101,-11
ASN00055049,20150101,364
USC00150955,20150101,-22
USC00147050,20150101,-78
RSM00031735,20150101,-197
USC00118916,20150101,-72
USC00126420,20150101,-17
USC00119354,20150101,-44
RSM00027417,20150101,9
IN021010100,20150101,245
IN013010200,20150101,246
GLW00016504,20150101,-55
GBM00064551,20150101,330
FIE00146633,20150101,16
FIE00141925,20150101,54
FIE00142300,20150101,48
ASN00096033,20150101,167
ASN00015135,20150101,341
CA004057165,20150101,-45
USC00417079,20150101,-67
USC00415579,20150101,17
CA001102415,20150101,39
CA001095015,20150101,-25
USC00410498,20150101,-61
USC00402680,20150101,6
USW00094938,20150101,-38
USW00093729,20150101,106
USW00094290,20150101,72
USW00094010,20150101,-6
USW00094700,20150101,-32
USW00063862,20150101,80
USW00023908,20150101,0
USW00003812,20150101,106
USW00003997,20150101,17
USW00014736,20150101,22
USW00014939,20150101,17
USS0020B25S,20150101,43
USS0016H03S,20150101,-30
USS0018H02S,20150101,11
CA00301A001,20150101,40
USS0012L07S,20150101,-60
CA003016505,20150101,37
USS0010E17S,20150101,-14
USS0009G11S,20150101,-17
USR0000OBRO,20150101,22
USS0006L14S,20150101,10
USC00255997,20150101,6
USC00250760,20150101,-39
USC00248395,20150101,-44
USC00235307,20150101,-33
USC00237720,20150101,-50
USC00248165,20150101,-11
USR0000MSMI,20150101,-72
USR0000MSTE,20150101,-67
USR0000MBEN,20150101,-28
USR0000CCHI,20150101,44
USR0000AHOM,20150101,6
USR0000AWAR,20150101,-44
USC00502965,20150101,-39
USC00489459,20150101,-117
USC00487529,20150101,-156
USC00475096,20150101,-78
USC00478190,20150101,-106
USC00480603,20150101,-167
USC00475091,20150101,-89
USC00426357,20150101,-89
USC00058204,20150101,17
USC00363018,20150101,0
TO000005376,20150101,325
USC00340567,20150101,28
USC00340593,20150101,-56
USC00328913,20150101,-17
USC00311535,20150101,61
SWE00139028,20150101,62
SPE00120332,20150101,158
USC00297280,20150101,-17
USC00286055,20150101,11
GME00122098,20150101,55
USC00262570,20150101,-56
GHM00065472,20150101,340
ASN00006105,20150101,297
FIE00146333,20150101,0
SAM00041112,20150101,225
RSM00032165,20150101,-34
USC00202016,20150101,-39
RSM00030695,20150101,-183
USC00203391,20150101,-44
RSM00030635,20150101,-187
RSM00025399,20150101,-11
USC00153994,20150101,0
RMC00913915,20150101,300
NOE00133014,20150101,90
NOE00133150,20150101,61
NOE00110590,20150101,79
USC00148563,20150101,-67
NLE00152500,20150101,42
USC00116616,20150101,-78
USC00120852,20150101,50
MKM00013591,20150101,-36
USC00132789,20150101,-61
MG000044218,20150101,-146
MAM00067152,20150101,317
USC00092361,20150101,83
USC00100375,20150101,-128
USC00101017,20150101,-100
ASN00091293,20150101,193
CA008501131,20150101,-184
ASN00088162,20150101,272
GME00132094,20150101,1
GME00129754,20150101,55
FIE00145102,20150101,53
FIE00141864,20150101,56
CHM00055472,20150101,39
CHM00058606,20150101,101
ASN00092027,20150101,235
CA005062840,20150101,-237
USW00093815,20150101,28
USW00063855,20150101,30
USW00094057,20150101,-55
USW00093227,20150101,100
USW00053151,20150101,138
ASN00073142,20150101,340
USW00054767,20150101,28
USW00053916,20150101,17
USW00013884,20150101,156
USW00012843,20150101,244
USS0013E16S,20150101,31
USS0016G07S,20150101,-63
USW00012924,20150101,72
USR0000WBRF,20150101,-28
USR0000OMTY,20150101,78
USR0000WBLA,20150101,72
USR0000MLIH,20150101,-6
USR0000MBRO,20150101,-33
USR0000CWOO,20150101,89
USR0000CWES,20150101,56
USR0000CSDD,20150101,39
USR0000CNFO,20150101,106
USR0000CLAR,20150101,78
CA007091299,20150101,-123
USC00418630,20150101,-17
USC00419800,20150101,39
USC00413262,20150101,61
USC00414597,20150101,67
USC00416785,20150101,-33
ASN00033119,20150101,319
USC00403679,20150101,39
CA002400637,20150101,-252
USC00391972,20150101,-28
CA002202560,20150101,-232
USC00393029,20150101,-56
USC00390559,20150101,39
USC00357823,20150101,17
USC00348499,20150101,-6
USC00334672,20150101,-17
UKE00105906,20150101,74
USC00318519,20150101,72
USC00315123,20150101,78
USC00312719,20150101,189
UKE00105875,20150101,36
USC00311429,20150101,61
USC00311515,20150101,111
CA001162177,20150101,-45
CA006117684,20150101,-40
CA006110556,20150101,-45
CA006048268,20150101,-76
ASN00009617,20150101,305
SWE00135892,20150101,74
SPE00156540,20150101,111
CA001060902,20150101,90
SPE00119882,20150101,148
CA001017099,20150101,23
USC00215204,20150101,-50
USC00205451,20150101,-50
USC00200230,20150101,-11
USC00196783,20150101,6
SF001506200,20150101,233
ASN00059140,20150101,275
USC00141699,20150101,-94
USC00144104,20150101,-11
USC00113717,20150101,-44
USC00113384,20150101,0
USC00107046,20150101,-61
USC00113106,20150101,-22
RSM00027491,20150101,-161
USC00504158,20150101,17
USC00476357,20150101,-106
NOE00133894,20150101,78
USC00431580,20150101,-56
USC00041912,20150101,150
USC00042706,20150101,150
USC00037712,20150101,67
USC00025494,20150101,-50
USC00030764,20150101,50
NG000001036,20150101,305
JA000047755,20150101,37
ASN00051049,20150101,373
USC00301595,20150101,-50
USC00295960,20150101,56
USC00281351,20150101,72
USC00290225,20150101,0
USC00261358,20150101,11
IN009130300,20150101,316
RSM00026094,20150101,25
USC00058582,20150101,28
USC00083209,20150101,272
RSM00022925,20150101,7
USC00092738,20150101,122
USC00043578,20150101,156
USC00044232,20150101,44
GME00126754,20150101,10
USC00047643,20150101,144
BNM00065338,20150101,362
GME00121066,20150101,65
FP000091958,20150101,234
FIE00145881,20150101,27
FIE00145787,20150101,16
FIE00145382,20150101,16
FIE00142341,20150101,30
FIE00141874,20150101,61
CHM00057633,20150101,65
CHM00052418,20150101,-6
CHM00056116,20150101,98
CA00840B053,20150101,-38
CA008400812,20150101,-50
IDM00096595,20150101,339
IDM00096839,20150101,312
GME00131218,20150101,55
GME00130318,20150101,53
CA007103280,20150101,-208
CA008103050,20150101,-54
CA007043B79,20150101,-35
ASN00085072,20150101,266
CA006150689,20150101,-5
CA006139449,20150101,-5
CA006101874,20150101,-20
CA005040985,20150101,-145
CA005043158,20150101,-41
UVM00065505,20150101,314
USW00054808,20150101,-1
USW00093138,20150101,122
USW00024234,20150101,67
USW00026510,20150101,-5
USW00054778,20150101,11
USW00003936,20150101,17
USW00014933,20150101,39
USW00023063,20150101,0
USR0000CROC,20150101,61
USR0000AHAI,20150101,61
USR0000AMOS,20150101,-28
USR0000CART,20150101,-83
CA003016655,20150101,4
USC00507513,20150101,-133
USC00507141,20150101,39
USC00480432,20150101,-72
USC00482595,20150101,-139
CA00220N005,20150101,-272
USC00465706,20150101,17
CA002100935,20150101,-138
USC00450482,20150101,39
UKE00107663,20150101,125
USC00441692,20150101,0
USC00425194,20150101,-106
UKE00105905,20150101,52
CA005050920,20150101,-200
WA004191820,20150101,379
CA001101N65,20150101,15
SWE00139112,20150101,62
SWE00138446,20150101,69
SWE00138366,20150101,69
CA001073615,20150101,40
USC00397742,20150101,-11
CA001020590,20150101,38
USC00362323,20150101,-33
USC00353542,20150101,-44
USC00346756,20150101,-6
USC00332974,20150101,-44
USC00316422,20150101,83
USC00324879,20150101,-39
USC00314689,20150101,111
USC00306164,20150101,-50
RSM00031754,20150101,-171
USC00260795,20150101,-50
USC00264527,20150101,-33
USS0010F29S,20150101,-130
USS0006N03S,20150101,-20
USS0010F16S,20150101,-5
USS0006H24S,20150101,-36
USR0000TATT,20150101,72
USS0005K30S,20150101,-34
USR0000KYEL,20150101,28
USR0000MBRR,20150101,-39
USR0000PERI,20150101,-6
USR0000IGRA,20150101,-56
USR0000ICHL,20150101,-117
USR0000CSQU,20150101,106
USR0000CRSP,20150101,83
USR0000GCHS,20150101,78
USR0000CEDM,20150101,-72
USR0000CFOR,20150101,111
RPM00098132,20150101,213
NLE00113706,20150101,101
USC00198573,20150101,-33
USC00192501,20150101,0
NG000001090,20150101,235
USC00145744,20150101,-83
USC00128698,20150101,0
MG000044288,20150101,24
USC00110993,20150101,11
USC00113335,20150101,-72
IRM00040729,20150101,126
JA000047402,20150101,-41
USC00054945,20150101,-117
USC00040444,20150101,67
CA001162265,20150101,-50
SWE00158347,20150101,73
USC00416792,20150101,-44
USC00413691,20150101,11
USC00405956,20150101,33
USC00403370,20150101,6
USC00244386,20150101,-17
USC00245870,20150101,-33
USC00236745,20150101,0
USC00237475,20150101,-28
USC00242275,20150101,-128
USC00219173,20150101,-78
NOE00110303,20150101,62
GME00130534,20150101,34
GME00127462,20150101,45
GME00126322,20150101,-11
GME00126106,20150101,7
GM000003218,20150101,53
FIE00143066,20150101,43
USC00031948,20150101,39
CA008204402,20150101,-24
GME00132250,20150101,44
USW00094644,20150101,-21
USW00093786,20150101,67
USW00053802,20150101,17
USW00024145,20150101,-132
USW00012896,20150101,278
USS0016H04S,20150101,-15
USW00003027,20150101,-27
USS0019F01S,20150101,0
USS0021B62S,20150101,16
USS0050K07S,20150101,-1
USS0014F19S,20150101,-74
USS0011K15S,20150101,18
USS0006H23S,20150101,-61
USS0007E18S,20150101,-15
USS0008S08S,20150101,-30
USS0009S07S,20150101,-12
USS0010E07S,20150101,10
USS0011G05S,20150101,4
USS0011J42S,20150101,-11
USS0006H22S,20150101,-17
USR0000MBRN,20150101,-39
USR0000MBRA,20150101,-33
USR0000MITA,20150101,-50
USR0000NBAK,20150101,-33
USR0000NGRC,20150101,106
USR0000WDRY,20150101,-44
USR0000SELK,20150101,67
USR0000CDEM,20150101,-17
ASN00081125,20150101,328
CA001135126,20150101,-55
USC00457185,20150101,6
CA0011239R0,20150101,-35
USC00460202,20150101,0
USC00426340,20150101,-128
USC00427165,20150101,-139
USC00413686,20150101,161
USC00411968,20150101,33
USC00411048,20150101,61
CA00503B1ER,20150101,-64
CA005031201,20150101,-67
USC00405595,20150101,39
UYM00086580,20150101,304
USC00334942,20150101,11
USC00321435,20150101,-33
USC00317548,20150101,56
USC00313625,20150101,94
UK000000000,20150101,79
USC00295908,20150101,-78
USC00276818,20150101,-106
USC00274480,20150101,-33
USR0000CBIR,20150101,83
USR0000AJAT,20150101,-100
USR0000APED,20150101,46
CA003012275,20150101,22
USC00505604,20150101,33
ASN00013017,20150101,396
USC00503605,20150101,67
ASN00009194,20150101,270
USC00482580,20150101,-17
USC00478723,20150101,-83
RSM00022212,20150101,-26
USC00109000,20150101,-111
PSW00040309,20150101,328
USC00106080,20150101,-139
USC00098740,20150101,100
USC00054546,20150101,0
USC00051294,20150101,-6
CA001039035,20150101,25
USC00404417,20150101,17
USC00403420,20150101,33
USC00398931,20150101,-39
USC00363437,20150101,11
USC00377581,20150101,0
USC00390128,20150101,-78
USC00356213,20150101,22
USC00346931,20150101,6
USC00238746,20150101,-17
USC00203025,20150101,-61
USC00207350,20150101,-67
USC00168444,20150101,44
RSM00030859,20150101,-144
USC00162367,20150101,100
USC00157431,20150101,11
USC00143634,20150101,-56
FIE00145042,20150101,7
USC00156988,20150101,17
FIE00144702,20150101,26
EGM00062435,20150101,176
CHM00053915,20150101,29
CA008300562,20150101,-33
CA00706I155,20150101,-120
JA000047655,20150101,77
CA007072816,20150101,-50
BLM00085196,20150101,310
GQW00041415,20150101,317
GME00122482,20150101,59
FSM00061997,20150101,115
CA007045401,20150101,-43
CA007031315,20150101,-35
CA007017000,20150101,-40
AGM00060437,20150101,59
CA006075435,20150101,-140
CA006068145,20150101,-57
USC00421590,20150101,-72
USC00416644,20150101,-72
USC00416950,20150101,-11
ASN00014253,20150101,272
USC00412013,20150101,72
CA002100LRP,20150101,-162
CA002301000,20150101,-345
CA002400570,20150101,-206
CA002100630,20150101,-14
USC00290417,20150101,28
USC00246862,20150101,33
USC00258040,20150101,6
USC00244512,20150101,11
CA00116QK0M,20150101,-10
USW00026412,20150101,-78
USW00013996,20150101,22
USW00014898,20150101,-32
USW00013721,20150101,72
USW00012839,20150101,278
USS0022C12S,20150101,35
USW00003951,20150101,39
USSNRCS0124,20150101,-28
USS0022C09S,20150101,13
USW00003029,20150101,-27
USS0012P01S,20150101,-24
USS0013C03S,20150101,9
USS0016E11S,20150101,-83
USS0011H08S,20150101,-2
USS0009E07S,20150101,44
USR0000NIMM,20150101,22
USR0000VSWE,20150101,-6
USR0000MFER,20150101,-94
USR0000IDIX,20150101,28
USR0000MFAR,20150101,50
USR0000CCAT,20150101,89
USR0000ADON,20150101,0
USR0000CHER,20150101,67
USC00457522,20150101,-33
USC00447925,20150101,72
USC00448600,20150101,56
USC00013775,20150101,89
JA000047420,20150101,-23
JA000047582,20150101,9
USC00413485,20150101,22
USC00380490,20150101,128
USC00387687,20150101,89
USC00344393,20150101,-61
UKE00105657,20150101,90
USC00343820,20150101,-6
USC00340830,20150101,-22
USC00323196,20150101,-28
SWE00140760,20150101,59
USC00303983,20150101,-67
SPE00156144,20150101,132
SPE00156648,20150101,120
SW000002550,20150101,60
USC00293142,20150101,11
AYM00089004,20150101,-1
USC00226476,20150101,100
USC00235704,20150101,-28
USC00220660,20150101,61
USC00226009,20150101,61
RSM00027485,20150101,-124
RSM00026781,20150101,5
RSM00026291,20150101,25
USC00188207,20150101,17
USC00201896,20150101,-61
RSM00021802,20150101,-350
USC00144178,20150101,-83
USC00156882,20150101,0
NOE00156739,20150101,104
USC00137613,20150101,-50
NOE00105505,20150101,33
NLE00113670,20150101,108
USC00092006,20150101,94
USC00053486,20150101,-28
USC00100667,20150101,-72
USC00054135,20150101,-67
USC00045123,20150101,111
CA008402975,20150101,-19
CA008202502,20150101,-42
BOM00026657,20150101,16
BMM00048062,20150101,305
GME00122638,20150101,53
FRM00007168,20150101,29
FRM00007621,20150101,113
CHM00053529,20150101,14
CHM00050632,20150101,-168
CHM00053192,20150101,-148
CA003062696,20150101,-124
USW00093206,20150101,144
UZM00038403,20150101,33
USW00024257,20150101,167
USW00024012,20150101,-5
USW00024151,20150101,-56
USW00023237,20150101,106
USS0020B07S,20150101,-23
CA003055119,20150101,21
USS0010G15S,20150101,-45
USS0011J56S,20150101,-39
USS0008M06S,20150101,-41
USS0006K45S,20150101,-32
USS0007M12S,20150101,-73
USR0000NGRF,20150101,111
CA003030540,20150101,17
USR0000IHAR,20150101,33
ASN00034084,20150101,350
USR0000CQUA,20150101,56
USR0000ATAH,20150101,-38
USR0000CBUL,20150101,17
USR0000AKAI,20150101,-39
USR0000ASHK,20150101,106
CA007017080,20150101,-60
ASN00040223,20150101,307
CA006155750,20150101,-15
CA001158730,20150101,-95
USC00421214,20150101,61
USC00415861,20150101,-44
USC00411429,20150101,67
USC00409431,20150101,39
CA001107785,20150101,40
USC00408179,20150101,39
USC00401352,20150101,11
USC00401480,20150101,39
USC00396574,20150101,-44
CA001096453,20150101,5
USC00392302,20150101,-22
USC00392984,20150101,-94
USC00380072,20150101,106
USC00367782,20150101,-39
USC00358407,20150101,0
USC00284987,20150101,50
SFM00068816,20150101,270
USC00293488,20150101,6
USC00257040,20150101,-78
USC00253617,20150101,-28
USC00238725,20150101,28
RSM00030393,20150101,-310
USC00221880,20150101,94
RSM00025745,20150101,-30
RSM00027697,20150101,-100
USC00211198,20150101,-83
USC00214176,20150101,-94
CA003014665,20150101,17
USC00504991,20150101,39
CA003012206,20150101,31
USC00487236,20150101,-56
USC00478589,20150101,-17
USC00488852,20150101,-61
CA001176745,20150101,-62
USC00448170,20150101,61
USC00055236,20150101,-11
USC00058931,20150101,-61
USC00087304,20150101,233
MKE00100915,20150101,-49
USC00026190,20150101,44
USC00020060,20150101,44
USC00021248,20150101,-28
JA000047668,20150101,73
USC00011725,20150101,133
USC00349400,20150101,-6
USC00333029,20150101,6
USC00317615,20150101,111
USC00305676,20150101,-89
USC00306464,20150101,-67
USC00297279,20150101,-6
HO000078711,20150101,300
RSM00022583,20150101,-196
RSM00021636,20150101,-216
RP000098429,20150101,263
USC00143930,20150101,-61
POM00008554,20150101,181
USC00136719,20150101,-89
NOE00133822,20150101,75
CHM00053845,20150101,31
ASN00090182,20150101,311
CA00840KN90,20150101,-4
CA007116505,20150101,-249
CA008105551,20150101,-90
CA007098603,20150101,-93
ASN00010612,20150101,344
GME00121750,20150101,-12
GHM00065453,20150101,342
FIE00145052,20150101,12
BMM00048042,20150101,282
AGM00060531,20150101,151
CA006034076,20150101,-87
AM000037711,20150101,60
CA004063623,20150101,-80
CA004055079,20150101,-66
USC00421171,20150101,-56
USC00427064,20150101,-44
USC00417782,20150101,-61
USC00417530,20150101,72
UKE00105922,20150101,87
SWE00140892,20150101,-3
USC00413368,20150101,-83
SWE00140786,20150101,26
ASN00009106,20150101,307
USC00407884,20150101,50
SWE00140750,20150101,39
USC00402390,20150101,28
USC00395048,20150101,11
SWE00140272,20150101,58
CA003044203,20150101,23
USW00094892,20150101,6
CA003027582,20150101,31
USW00023233,20150101,144
USW00063873,20150101,156
ARM00087506,20150101,266
CA003016593,20150101,-37
USW00004838,20150101,0
USW00004140,20150101,6
USW00003131,20150101,144
USS0020A23S,20150101,48
USS0022G12S,20150101,9
USS0046Q01S,20150101,-48
USW00003032,20150101,22
USC00288173,20150101,6
RSM00030978,20150101,-183
RSM00025956,20150101,23
USC00244954,20150101,-56
USC00244193,20150101,11
RSM00023803,20150101,-285
USC00217460,20150101,-50
USC00223920,20150101,94
USC00207690,20150101,-39
USS0013M02S,20150101,-47
USS0015H20S,20150101,3
USS0007F02S,20150101,-6
USS0012K02S,20150101,-49
USR0000WDIR,20150101,-56
USR0000NCCP,20150101,-17
USR0000NHAM,20150101,-44
USR0000MBSP,20150101,33
USR0000CSEC,20150101,94
USR0000ATTA,20150101,-17
USR0000AMOL,20150101,-22
USR0000CCOO,20150101,144
CA001192950,20150101,-15
USC00519397,20150101,244
USC00502871,20150101,-44
CA001152105,20150101,-127
USC00475808,20150101,-100
USC00430661,20150101,-56
USC00108676,20150101,-156
USC00110338,20150101,-72
IR000040848,20150101,166
USC00084461,20150101,233
USC00045968,20150101,22
USC00017020,20150101,133
CA001018598,20150101,48
USC00355638,20150101,-50
USC00352876,20150101,-72
USC00342912,20150101,-44
SWE00135151,20150101,49
USC00340184,20150101,-39
USC00324937,20150101,-17
USC00330563,20150101,-44
USC00308910,20150101,-67
USC00309670,20150101,-11
USC00311975,20150101,83
USC00319476,20150101,106
IDM00096739,20150101,282
IC000004097,20150101,62
GME00131170,20150101,53
USC00288644,20150101,-17
GME00129910,20150101,5
GME00126154,20150101,33
GME00121402,20150101,39
GAM00061701,20150101,314
USC00202598,20150101,-106
USC00204320,20150101,-39
POM00008548,20150101,157
NOE00156715,20150101,20
USC00171975,20150101,-78
NOE00134934,20150101,85
NOE00110554,20150101,62
NLE00152479,20150101,50
USC00143810,20150101,-61
LAM00048938,20150101,260
USC00123418,20150101,-22
USC00115943,20150101,-33
USC00111836,20150101,-50
CA007050145,20150101,-68
FIE00144862,20150101,17
FIE00143365,20150101,56
CHM00050953,20150101,-139
UZM00038683,20150101,138
USW00094740,20150101,-55
USW00054810,20150101,-41
USW00053149,20150101,-19
USW00053903,20150101,67
USW00014764,20150101,0
USW00014822,20150101,6
USW00024149,20150101,-43
USS0048L06S,20150101,41
USW00003954,20150101,0
USS0017C05S,20150101,-18
USS0006K16S,20150101,-64
USS0011E38S,20150101,-23
USR0000OTUP,20150101,-17
USR0000WCOW,20150101,-6
USR0000KANE,20150101,-44
USR0000MLRC,20150101,-61
USC00508731,20150101,44
USC00502870,20150101,-11
CA002402332,20150101,-314
USC00488808,20150101,-128
ASN00086071,20150101,273
USC00391621,20150101,-61
USC00356366,20150101,28
USC00354811,20150101,44
CA001021989,20150101,40
USC00353770,20150101,61
CA005012654,20150101,-53
USC00315340,20150101,128
CA004019040,20150101,5
CA003044232,20150101,16
SWE00139178,20150101,61
USC00188405,20150101,44
USC00148847,20150101,-11
USC00154208,20150101,0
ASN00029063,20150101,355
USC00143594,20150101,-83
SWE00138258,20150101,59
ASN00009021,20150101,294
USC00130112,20150101,-56
USC00120676,20150101,-39
USC00115493,20150101,-78
USC00114629,20150101,-6
SPE00156297,20150101,88
SPE00156594,20150101,135
USC00105708,20150101,-94
USC00102159,20150101,-72
USC00475364,20150101,-111
USC00466442,20150101,-33
CA002100181,20150101,-53
USC00466952,20150101,6
USC00451350,20150101,-61
CA001148705,20150101,-70
USC00438172,20150101,-94
USC00423348,20150101,-72
RSM00032509,20150101,22
RIE00100814,20150101,-74
RMW00040604,20150101,306
USC00295150,20150101,-39
USC00265371,20150101,-44
USC00251190,20150101,-111
USC00253015,20150101,33
TO000005380,20150101,365
USC00236791,20150101,-11
USC00230204,20150101,-56
USC00205591,20150101,-67
USC00195285,20150101,-6
SP000008215,20150101,84
SF003724960,20150101,236
USC00095165,20150101,111
USC00051743,20150101,-78
USC00042863,20150101,139
USC00041700,20150101,28
USC00036928,20150101,22
USC00041072,20150101,-39
USC00035866,20150101,44
SAM00041140,20150101,321
SAM00040356,20150101,190
FPM00091945,20150101,295
FRE00106205,20150101,111
GM000010393,20150101,48
FIE00146462,20150101,24
GME00102244,20150101,57
ASN00090175,20150101,219
FIE00143035,20150101,20
FIE00142010,20150101,48
ASN00016097,20150101,403
CA008401502,20150101,-67
MAM00067027,20150101,313
IN099999901,20150101,303
ISM00040190,20150101,160
IRM00040757,20150101,120
JA000047637,20150101,-2
AYM00089571,20150101,15
ASN00015635,20150101,420
CA006139148,20150101,-3
CA006080192,20150101,-54
CA004028060,20150101,3
CA003075488,20150101,-50
CA003076366,20150101,21
USW00023061,20150101,-16
ASN00033295,20150101,310
USW00014845,20150101,-5
ASN00069018,20150101,252
USC00477132,20150101,-111
USC00477174,20150101,-67
CA001088015,20150101,70
USC00467743,20150101,-17
ASN00032078,20150101,340
CA001054925,20150101,80
ASN00012239,20150101,421
USC00448022,20150101,11
USC00418818,20150101,-72
USC00411500,20150101,56
CA003030772,20150101,4
ASN00009538,20150101,289
USW00093762,20150101,56
USW00054734,20150101,11
USW00024227,20150101,44
CA003012209,20150101,32
USW00024132,20150101,-116
USC00306525,20150101,-78
USC00319147,20150101,50
USC00300093,20150101,-67
USC00265400,20150101,-50
USC00260438,20150101,-56
SWE00137774,20150101,60
USC00258465,20150101,-61
USC00253050,20150101,-67
SWE00135538,20150101,53
SWE00115961,20150101,21
SPE00120611,20150101,160
USC00241692,20150101,-100
SPE00120017,20150101,164
USW00014750,20150101,-10
USW00013876,20150101,111
USW00012959,20150101,78
USW00004855,20150101,17
USW00012894,20150101,256
USS0046Q07S,20150101,-52
USW00004113,20150101,-43
USS0050R04S,20150101,-36
USS0042M01S,20150101,-28
USS0016F08S,20150101,-50
USS0021C33S,20150101,59
USR0000MASS,20150101,72
USR0000MSEE,20150101,-67
USR0000NSPM,20150101,-39
USS0006J06S,20150101,-15
USS0009E11S,20150101,-14
CA001126510,20150101,-55
USR0000ITOW,20150101,-50
USR0000ISAD,20150101,-94
USR0000AGRE,20150101,-50
USR0000HPAL,20150101,239
USC00098974,20150101,111
USC00102845,20150101,-72
USC00091340,20150101,133
USC00049781,20150101,106
RSM00022408,20150101,9
USC00040931,20150101,-17
NOE00133990,20150101,71
NOE00134350,20150101,85
USC00403040,20150101,33
USC00407359,20150101,28
UKE00105886,20150101,54
UKE00105642,20150101,55
USC00343363,20150101,0
TH000048376,20150101,283
IN023101700,20150101,216
USC00218227,20150101,-89
USC00219046,20150101,-72
USC00219249,20150101,-78
USC00212842,20150101,-56
USC00194502,20150101,-6
USC00199193,20150101,-22
ASN00025507,20150101,320
USC00178965,20150101,-106
USC00143847,20150101,-72
USC00135796,20150101,-50
SAM00041055,20150101,242
USC00118740,20150101,0
USC00119331,20150101,-33
GME00126838,20150101,11
GME00126874,20150101,1
GME00126526,20150101,7
GME00121978,20150101,44
EIE00107808,20150101,139
FIE00142226,20150101,47
CHM00051747,20150101,29
CA008200604,20150101,32
MV000043555,20150101,304
KZ000038341,20150101,142
MFM00067005,20150101,321
KNM00047035,20150101,-58
ASN00049000,20150101,388
GME00128506,20150101,6
CA006133055,20150101,-12
CA00307KPFP,20150101,-141
USW00094994,20150101,6
USW00093837,20150101,183
USW00053913,20150101,0
USW00054851,20150101,15
USW00024020,20150101,-94
USW00026533,20150101,-32
USW00053119,20150101,111
USW00021510,20150101,267
USW00023184,20150101,-16
USS0050O01S,20150101,-16
USW00013833,20150101,117
USS0021F12S,20150101,46
USS0017B06S,20150101,-84
USS0013A27S,20150101,-6
USS0012M23S,20150101,-44
USS0010D39S,20150101,33
USR0000TOMB,20150101,-28
USR0000WCAR,20150101,50
USR0000OYLP,20150101,-17
USR0000SRED,20150101,0
USR0000NROC,20150101,-56
USR0000NRCK,20150101,128
CA003030QLP,20150101,32
USR0000NBUF,20150101,0
USR0000MCLI,20150101,6
USR0000JOES,20150101,17
USR0000MORR,20150101,-72
USR0000GBYR,20150101,144
USR0000CFTC,20150101,-44
USR0000FSTM,20150101,178
USR0000AVER,20150101,50
USR0000BKTL,20150101,-28
CA003016852,20150101,-7
USR0000ACKN,20150101,-94
USR0000AHAY,20150101,-17
CA00704Q003,20150101,-62
CA007056068,20150101,-47
CA00703GDKB,20150101,-53
CA007013100,20150101,-50
USC00502126,20150101,-189
USC00470696,20150101,-89
USC00461900,20150101,-44
USC00461215,20150101,-11
USC00458278,20150101,39
USC00440735,20150101,22
USC00429346,20150101,-44
USC00432773,20150101,-67
USC00414081,20150101,44
USC00410206,20150101,-17
USC00411671,20150101,61
USC00401310,20150101,39
CA001064020,20150101,35
USC00394184,20150101,-56
CA001054503,20150101,84
USC00340818,20150101,-11
USC00332044,20150101,-39
SWE00139182,20150101,66
USC00316676,20150101,106
USC00318113,20150101,111
USC00325993,20150101,-22
SPE00156333,20150101,50
ASN00012044,20150101,271
USC00237263,20150101,-17
USC00238777,20150101,-6
RSM00031513,20150101,-160
USC00217602,20150101,-83
USC00218307,20150101,-83
RSM00030935,20150101,-134
USC00191386,20150101,-6
USC00514830,20150101,228
NPM00044477,20150101,231
PAM00086097,20150101,308
USC00137859,20150101,-83
USC00143929,20150101,-89
NOE00133690,20150101,107
NOE00111327,20150101,37
USC00102390,20150101,-22
USC00101220,20150101,-61
USC00100803,20150101,-117
USC00057519,20150101,-78
USC00055322,20150101,-17
USC00048587,20150101,128
USC00051932,20150101,-194
JA000047909,20150101,152
USC00046136,20150101,61
USC00034756,20150101,28
JA000047615,20150101,55
USC00042941,20150101,56
USC00028162,20150101,106
IR000408570,20150101,233
TX000038911,20150101,178
UKE00105932,20150101,41
RSM00023324,20150101,-262
USC00170844,20150101,-56
USC00166584,20150101,78
RQC00660426,20150101,278
RMC00914053,20150101,317
GME00128482,20150101,48
GME00128734,20150101,55
USC00146128,20150101,-67
GME00124810,20150101,17
GME00126694,20150101,44
AYM00089059,20150101,15
GME00123142,20150101,40
GME00121366,20150101,70
FMC00914429,20150101,306
FMC00914395,20150101,300
ASN00017123,20150101,412
DRM00078486,20150101,302
CHM00058666,20150101,60
IN001120100,20150101,339
CA007041382,20150101,-43
CA007027783,20150101,-40
ASN00084084,20150101,229
CA006097426,20150101,-35
CA00504K80K,20150101,-98
CA005032360,20150101,-70
CA003032642,20150101,14
VMM00048914,20150101,288
USW00024015,20150101,-71
USW00054770,20150101,-27
USW00094039,20150101,-16
USW00013874,20150101,144
USW00014920,20150101,0
USR0000TKIR,20150101,67
USS0006K43S,20150101,-62
USR0000SIGN,20150101,-78
USW00023064,20150101,-27
USR0000IFIS,20150101,-28
USR0000OSFK,20150101,39
USR0000IBEA,20150101,17
USR0000CPCG,20150101,-17
USR0000ATUS,20150101,-50
USR0000CBOO,20150101,167
USR0000CCHU,20150101,78
USR0000AHPK,20150101,22
USC00511125,20150101,239
USC00506581,20150101,-17
USC00489905,20150101,-133
USC00489805,20150101,-83
USC00483100,20150101,-44
USC00471205,20150101,-89
USC00473116,20150101,-6
USC00470175,20150101,-72
USC00420086,20150101,-39
USC00432314,20150101,-78
CA003073140,20150101,-106
USC00405108,20150101,0
SPE00156369,20150101,74
SWE00136969,20150101,66
USC00396227,20150101,-50
SPE00156018,20150101,29
USC00349370,20150101,-17
USC00355362,20150101,0
USC00331783,20150101,17
USC00340313,20150101,11
RSM00036061,20150101,-83
RSM00032583,20150101,-6
USC00253365,20150101,-17
USW00013739,20150101,56
USW00004751,20150101,-16
CA002503886,20150101,-256
USS0064P01S,20150101,-6
USS0063P02S,20150101,-3
USW00003927,20150101,22
USS0016A10S,20150101,-56
USW00003872,20150101,6
USS0010J44S,20150101,5
USS0012L15S,20150101,-37
USS0015B14S,20150101,-40
USS0007M21S,20150101,-77
USC00167738,20150101,50
MOE00147755,20150101,142
USC00130512,20150101,-89
USC00128442,20150101,-17
JA000047813,20150101,39
USC00101408,20150101,-17
USC00096219,20150101,78
IRM00040879,20150101,234
CA001021988,20150101,20
USC00416273,20150101,50
USC00414348,20150101,28
USC00413133,20150101,33
ASN00022841,20150101,315
IN011340100,20150101,152
USC00218692,20150101,-100
USC00194744,20150101,11
USC00205567,20150101,-17
USC00210018,20150101,-44
GLE00147351,20150101,-19
GME00121114,20150101,2
AU000016402,20150101,-9
FRE00104937,20150101,124
FJM00091699,20150101,313
ASN00094029,20150101,224
FIE00142871,20150101,40
EGM00062403,20150101,239
COM00080214,20150101,306
USC00035018,20150101,28
IN020020300,20150101,310
IDM00096645,20150101,330
BLM00085207,20150101,324
BOM00026864,20150101,14
USW00094973,20150101,-32
USW00094225,20150101,72
ARM00087648,20150101,247
USW00014931,20150101,6
CA003015673,20150101,-31
USW00053904,20150101,33
USW00014751,20150101,56
USW00003947,20150101,22
USW00013976,20150101,133
USW00003866,20150101,100
CA003011953,20150101,35
USS0011G32S,20150101,29
USW00003178,20150101,139
ASN00033210,20150101,333
CA007035110,20150101,-40
AGM00060445,20150101,63
SWE00140174,20150101,74
USC00301664,20150101,-72
CA006107276,20150101,-35
AM000037787,20150101,100
CA004060983,20150101,-124
ASN00014703,20150101,357
ARM00087121,20150101,330
CA003023850,20150101,26
CA003023402,20150101,16
USC00136305,20150101,-89
USC00116011,20150101,-33
USC00116998,20150101,-67
USC00095492,20150101,89
NZ000936150,20150101,206
USC00085667,20150101,272
USR0000TCLA,20150101,28
USR0000CPNN,20150101,128
USR0000CSRS,20150101,122
USR0000OBUE,20150101,78
USR0000OCAL,20150101,122
CA002403206,20150101,-300
USR0000CHUM,20150101,-50
USR0000CKEE,20150101,50
CA002402604,20150101,-238
CA002301153,20150101,-289
USR0000AIRO,20150101,-6
USC00484080,20150101,-111
USC00474937,20150101,-11
USC00478229,20150101,-89
CA001154410,20150101,-110
CA00114B1F0,20150101,-75
UKE00105898,20150101,76
TI000038734,20150101,10
USC00411017,20150101,22
SZE00105086,20150101,-12
USC00410902,20150101,28
CA001090660,20150101,5
SWM00002589,20150101,64
SWE00140692,20150101,56
SWE00140558,20150101,60
USC00366151,20150101,-22
USC00368400,20150101,0
USC00280734,20150101,0
SPE00156225,20150101,118
SFM00068368,20150101,240
USC00259045,20150101,-78
USC00220488,20150101,72
USC00223605,20150101,61
USC00214453,20150101,-100
USC00176721,20150101,-111
USC00174781,20150101,-89
RSM00024951,20150101,-343
USC00147796,20150101,-94
ASN00008290,20150101,284
USC00141867,20150101,-72
FRE00104044,20150101,113
FRE00171623,20150101,109
ASN00010092,20150101,360
FIE00145452,20150101,24
AUM00011343,20150101,-50
USC00082298,20150101,256
USC00052286,20150101,-139
NOE00109561,20150101,48
USC00044394,20150101,28
USC00046006,20150101,89
USC00042500,20150101,67
ASN00024048,20150101,378
MXM00076525,20150101,181
MXM00076843,20150101,315
USC00042319,20150101,161
USC00028865,20150101,128
KZ000035969,20150101,37
USC00023584,20150101,-100
IN023160900,20150101,231
GMM00010827,20150101,3
IDM00096221,20150101,312
GME00128134,20150101,3
FIE00142331,20150101,45
EG000062417,20150101,150
CUM00078325,20150101,276
CHM00054342,20150101,-89
CHM00050854,20150101,-134
ASN00037034,20150101,399
CA005010481,20150101,-42
USW00093950,20150101,28
USW00093739,20150101,67
USW00093084,20150101,56
USW00024255,20150101,61
USW00023078,20150101,39
USW00023081,20150101,-32
USW00023213,20150101,128
USW00023259,20150101,144
USW00013966,20150101,-5
USS0021B55S,20150101,-32
USW00003028,20150101,-16
USS0020K04S,20150101,34
USS0013B25S,20150101,-104
USS0011J37S,20150101,-20
USS0010G12S,20150101,-22
USS0010C08S,20150101,-10
USS0007K02S,20150101,-15
USR0000TCED,20150101,-6
USS0006H25S,20150101,5
USS0006M17S,20150101,-79
CA00702327X,20150101,-29
AGM00060520,20150101,130
CA006142420,20150101,-40
TH000048405,20150101,275
USC00350197,20150101,-28
USC00314471,20150101,106
USC00315890,20150101,50
USC00311222,20150101,100
USC00330862,20150101,-6
SWE00140508,20150101,51
USR0000NSHY,20150101,-22
USR0000OSPA,20150101,-78
USR0000GBAX,20150101,150
USR0000CPOT,20150101,100
USR0000GBRE,20150101,161
USR0000ABUC,20150101,-39
CA003035340,20150101,45
USC00500249,20150101,0
USC00487388,20150101,-167
USC00466325,20150101,6
USC00464840,20150101,6
ASN00068239,20150101,303
USC00450587,20150101,33
USC00435733,20150101,-61
USC00201818,20150101,-50
USC00193624,20150101,6
RSM00031478,20150101,-198
USC00174193,20150101,-39
USC00162212,20150101,122
USC00164739,20150101,100
RSM00030829,20150101,-180
USC00151810,20150101,0
USC00155067,20150101,39
USC00142432,20150101,-56
USC00417622,20150101,72
USC00410176,20150101,-11
USC00394630,20150101,-33
KZ000035576,20150101,-20
IR000040841,20150101,185
JA000047406,20150101,-28
SWE00139802,20150101,2
USC00275703,20150101,-11
USC00265194,20150101,-11
SWE00139134,20150101,63
SWE00138606,20150101,75
USC00247894,20150101,-111
USC00237309,20150101,28
SPE00120305,20150101,133
SGM00061697,20150101,330
SPE00119954,20150101,174
ASN00029127,20150101,396
GME00132634,20150101,47
GMM00010396,20150101,45
GME00127894,20150101,24
GME00122542,20150101,56
GME00122566,20150101,37
GME00121018,20150101,55
FRM00061998,20150101,123
PA000086068,20150101,398
PL000012385,20150101,15
USC00087826,20150101,172
USC00100915,20150101,-72
ASN00024511,20150101,335
USC00030220,20150101,50
USC00031140,20150101,61
CHM00051777,20150101,0
CA008403603,20150101,-51
CA008200827,20150101,-24
CA007093GJ5,20150101,-171
FRE00104088,20150101,74
BLM00085201,20150101,167
AYM00089606,20150101,-264
AYM00089504,20150101,-45
AYM00089050,20150101,10
FIE00143586,20150101,36
FIE00142385,20150101,39
ENE00175079,20150101,40
CHM00059254,20150101,209
USW00094704,20150101,22
USW00053132,20150101,73
USW00022016,20150101,26
USW00024235,20150101,78
CA003034577,20150101,41
USW00013889,20150101,161
USR0000NBEA,20150101,-22
USR0000TARA,20150101,83
USS0005N16S,20150101,-39
USR0000MANT,20150101,-28
USR0000MLIT,20150101,11
USR0000CLAS,20150101,117
ASN00068242,20150101,256
USR0000CCOT,20150101,-50
USR0000AHAR,20150101,-66
USR0000AGUT,20150101,6
USR0000ASSA,20150101,-67
ASN00082042,20150101,292
USC00411063,20150101,-17
USC00405210,20150101,33
CA001126070,20150101,-20
USC00349724,20150101,100
USC00345020,20150101,22
USC00348027,20150101,-6
CA001060080,20150101,70
CA005040FJ3,20150101,-140
CA004063753,20150101,-222
CA004085052,20150101,-150
ASN00014704,20150101,370
USW00094239,20150101,-32
USC00214546,20150101,-61
USC00213282,20150101,-83
SF001753710,20150101,303
USC00200495,20150101,-67
RSM00031594,20150101,-185
RSM00031005,20150101,-277
USC00163433,20150101,128
USC00503695,20150101,28
CA003015797,20150101,11
CA003011892,20150101,42
USC00453730,20150101,-100
USC00451160,20150101,-17
USC00430193,20150101,-83
USC00425182,20150101,-106
USC00419101,20150101,89
USC00417624,20150101,28
USC00416879,20150101,167
ASN00005008,20150101,395
KG000036982,20150101,-104
JOM00040265,20150101,176
JA000047417,20150101,-28
JA000047784,20150101,9
UKE00105913,20150101,65
USC00324722,20150101,-22
TX000038987,20150101,195
TH000048353,20150101,270
SWE00140664,20150101,50
USC00303322,20150101,-89
SWE00139962,20150101,74
USC00252145,20150101,-78
USC00252790,20150101,-94
USC00254440,20150101,-56
USC00256290,20150101,-78
USC00243727,20150101,33
USC00243939,20150101,-28
USC00243947,20150101,22
USC00237300,20150101,-22
IDM00097260,20150101,310
USC00166364,20150101,33
USC00137147,20150101,-94
RSM00022887,20150101,-191
USC00136199,20150101,-72
USC00135230,20150101,-89
PAM00086221,20150101,350
PEM00084691,20150101,247
USC00131277,20150101,-83
NOE00133210,20150101,18
USC00054452,20150101,17
USC00080478,20150101,244
USC00095988,20150101,144
NLE00152488,20150101,54
USC00050372,20150101,-78
NOE00109671,20150101,36
USC00029542,20150101,61
EN000026128,20150101,50
ENE00100914,20150101,63
CHM00057014,20150101,35
ASN00086351,20150101,279
ASN00086383,20150101,281
CA008400801,20150101,-9
GME00127438,20150101,48
GME00124762,20150101,58
FRE00104112,20150101,47
FRE00106209,20150101,123
CA006075425,20150101,-135
CA005031111,20150101,-200
ASN00076064,20150101,356
CA003073535,20150101,7
USC00427271,20150101,-89
CA001036240,20150101,70
USC00419016,20150101,-28
UKE00105881,20150101,56
USC00413340,20150101,72
USC00401663,20150101,50
USC00410345,20150101,72
ASN00071041,20150101,222
USC00398116,20150101,-28
USW00094224,20150101,83
USW00093814,20150101,33
USW00093981,20150101,0
USW00094032,20150101,33
USW00054854,20150101,-56
USW00053842,20150101,11
USW00093778,20150101,50
USW00004994,20150101,-48
USW00012819,20150101,211
USW00003953,20150101,39
USW00004803,20150101,-60
USW00003160,20150101,94
USC00243617,20150101,28
RSM00025705,20150101,-217
USC00232568,20150101,-44
USC00229004,20150101,67
USC00215586,20150101,-28
USC00205065,20150101,-33
USC00200770,20150101,-94
USC00188065,20150101,-28
USS0021C28S,20150101,-36
USS0020A07S,20150101,9
USS0011H03S,20150101,21
USS0018A26S,20150101,3
USS0011E24S,20150101,-36
USS0011D11S,20150101,-36
USS0009L01S,20150101,-18
USS0008F01S,20150101,-6
USS0007E06S,20150101,-9
USR0000OWAN,20150101,61
USR0000TATH,20150101,33
USS0005K21S,20150101,-58
USS0005J12S,20150101,9
USR0000ITPL,20150101,50
USR0000MSIN,20150101,28
USR0000CTOM,20150101,17
USR0000IPIN,20150101,-67
USR0000HMAP,20150101,222
USR0000CCRR,20150101,83
USR0000CCUC,20150101,39
USR0000CCOH,20150101,94
USR0000BRIM,20150101,-56
USC00502173,20150101,67
USC00505894,20150101,22
USC00469049,20150101,6
USC00481284,20150101,-100
USC00441322,20150101,61
SWE00140428,20150101,49
USC00381093,20150101,106
SWE00139272,20150101,62
USC00352632,20150101,44
USC00341168,20150101,39
SIE00115076,20150101,-19
USC00314063,20150101,100
SIE00114856,20150101,-48
USC00320817,20150101,-17
USC00308932,20150101,-56
USC00301708,20150101,-17
USC00297008,20150101,-33
USC00300448,20150101,6
USC00278614,20150101,-50
USC00250865,20150101,-128
USC00242629,20150101,-94
IDM00096075,20150101,311
HUM00012982,20150101,-44
USC00243378,20150101,-56
HUE00152440,20150101,-37
GMM00010449,20150101,23
GMM00010168,20150101,44
BLM00085345,20150101,404
BLM00085289,20150101,354
GME00132550,20150101,47
GME00132298,20150101,15
GME00132166,20150101,19
GME00131962,20150101,25
NOE00134778,20150101,-27
NOE00133138,20150101,62
USC00186350,20150101,22
USC00126400,20150101,-22
MAM00067073,20150101,324
USC00105275,20150101,-111
KZ000038439,20150101,105
JA000047405,20150101,-40
USC00047741,20150101,144
USC00040693,20150101,139
CA008204495,20150101,-33
CA007117823,20150101,-211
ASN00042112,20150101,345
GME00128962,20150101,27
GME00121282,20150101,75
ASN00094041,20150101,144
ASN00091126,20150101,246
CHM00054497,20150101,-58
CA007020567,20150101,-50
CA00701Q004,20150101,-41
CA007011947,20150101,-35
ASN00082169,20150101,322
CA006131983,20150101,-16
CA006127519,20150101,-14
USW00094129,20150101,-71
USW00024231,20150101,28
USW00026615,20150101,-10
USW00023188,20150101,150
USW00023225,20150101,94
USW00023230,20150101,133
USW00024032,20150101,-27
USW00023048,20150101,6
USW00013960,20150101,28
USW00004136,20150101,-72
USW00013754,20150101,122
USW00004114,20150101,-127
USW00003810,20150101,106
USW00003928,20150101,0
USW00003963,20150101,33
USS0013C38S,20150101,-88
USS0009F04S,20150101,30
USS0010J23S,20150101,-22
USS0011J69S,20150101,-51
USR0000NKIN,20150101,0
USR0000OWAG,20150101,-6
USR0000LSAB,20150101,100
USR0000HEWI,20150101,-39
USR0000CSMI,20150101,144
USR0000AMTN,20150101,-36
USC00503502,20150101,28
USC00501926,20150101,0
USC00472889,20150101,-50
USC00462211,20150101,-72
USC00449263,20150101,22
ASN00009519,20150101,229
USC00443310,20150101,0
USC00420336,20150101,-33
USC00416742,20150101,-61
CA002100880,20150101,-160
USC00415661,20150101,61
USC00415094,20150101,67
USC00393868,20150101,11
USC00365738,20150101,11
USC00344130,20150101,-22
USC00335857,20150101,-22
USC00317079,20150101,106
CA001031316,20150101,75
USC00302031,20150101,-44
USC00300023,20150101,-39
USC00298518,20150101,-50
USC00296911,20150101,11
USC00276070,20150101,-28
USC00263960,20150101,50
USC00263205,20150101,67
UKE00105900,20150101,77
USC00248390,20150101,-61
UKE00105871,20150101,125
UK000070765,20150101,44
USC00241722,20150101,-11
TX000038806,20150101,176
USC00238444,20150101,-44
USC00211374,20150101,-56
USC00201492,20150101,-67
USC00205533,20150101,-61
CA003012212,20150101,30
USC00144087,20150101,-100
USC00134142,20150101,-67
ASN00056032,20150101,278
SP000003195,20150101,104
USC00113320,20150101,-67
SF002966820,20150101,301
SAM00041036,20150101,270
USC00085895,20150101,256
USC00054082,20150101,-72
USC00049473,20150101,161
USC00044997,20150101,100
USC00034106,20150101,-11
RSM00030683,20150101,-195
RSM00023933,20150101,-310
PO000008575,20150101,122
NOE00133470,20150101,11
NOE00109939,20150101,51
USC00311949,20150101,72
MR000061415,20150101,255
MRM00061404,20150101,186
KZ000036177,20150101,-1
ASN00044026,20150101,412
IN004102500,20150101,252
IN001111200,20150101,315
IN001050200,20150101,312
IDM00096195,20150101,278
IDM00096837,20150101,306
GME00129418,20150101,45
ASN00094198,20150101,169
ASN00094155,20150101,160
GME00121090,20150101,46
GLE00147281,20150101,-33
GLE00146908,20150101,-96
ASN00091292,20150101,209
ASN00041095,20150101,286
ASN00010073,20150101,351
FIE00144202,20150101,23
CA007060826,20150101,-132
CA00504K0NM,20150101,-54
CA006046768,20150101,-55
ASN00014909,20150101,277
CA004016322,20150101,-40
ASN00070263,20150101,311
VMM00048840,20150101,228
UZM00038696,20150101,162
UY000086330,20150101,260
USW00024219,20150101,-5
USW00004137,20150101,-77
CA002101303,20150101,-31
USS0023D01S,20150101,80
USW00014804,20150101,-11
USS0020G09S,20150101,51
USS0020G06S,20150101,34
USS0013M07S,20150101,-43
USS0015H03S,20150101,15
USS0009D21S,20150101,68
USS0011L01S,20150101,-54
USS0006L13S,20150101,-77
USS0005N19S,20150101,-33
CA001160H99,20150101,-89
USR0000VFVA,20150101,89
USR0000WBUH,20150101,-106
USR0000NGAN,20150101,28
USR0000MHOT,20150101,-94
USR0000MGAL,20150101,-6
USR0000IPCN,20150101,-28
USR0000IBAI,20150101,-11
ASM00094998,20150101,89
USR0000CSCI,20150101,144
USC00489025,20150101,-167
USC00465672,20150101,-22
ASN00009603,20150101,295
CA001023462,20150101,25
USC00403280,20150101,11
USC00406619,20150101,22
USC00407015,20150101,39
USC00347570,20150101,-28
USC00327530,20150101,-22
UKE00105923,20150101,97
USC00319123,20150101,33
SWE00140622,20150101,39
SWE00140554,20150101,69
SWE00140262,20150101,50
USC00267820,20150101,-33
USW00093209,20150101,133
CA003011350,20150101,35
USW00093058,20150101,-10
USW00024242,20150101,22
USW00063856,20150101,146
CA003011240,20150101,24
SWE00138560,20150101,73
SWE00138122,20150101,48
USC00223887,20150101,122
USC00221962,20150101,28
USC00160555,20150101,133
ASN00055024,20150101,359
USC00143759,20150101,-61
RSM00036096,20150101,-216
USC00143527,20150101,-78
RSM00022619,20150101,11
USC00129670,20150101,-39
USC00117354,20150101,-78
RQC00664702,20150101,289
USC00115768,20150101,-56
USC00101514,20150101,-72
USC00047813,20150101,128
USC00055934,20150101,-72
USC00042506,20150101,-33
USC00027716,20150101,-28
ASN00023878,20150101,338
USC00452548,20150101,-6
USC00441593,20150101,39
KZ000035078,20150101,-53
KG000038616,20150101,91
JA000047401,20150101,-41
JA000047780,20150101,51
USC00249900,20150101,17
USC00250365,20150101,-67
SWE00138814,20150101,63
USC00241081,20150101,-28
USC00236777,20150101,-39
GMM00010267,20150101,50
GME00102185,20150101,74
GME00121078,20150101,49
FIE00146487,20150101,19
FR000007747,20150101,96
ASN00090180,20150101,213
FIE00141994,20150101,56
FIE00141909,20150101,52
ASN00040861,20150101,323
CQC00914080,20150101,278
MXM00076762,20150101,309
CA008402966,20150101,-60
CA008401300,20150101,-35
CA003036360,20150101,10
USW00053868,20150101,50
USW00026564,20150101,-69
USW00094281,20150101,56
USW00023285,20150101,111
USW00023190,20150101,144
USW00023199,20150101,128
CA002402354,20150101,-246
USW00004804,20150101,28
CA002300501,20150101,-290
USS0011E07S,20150101,-32
USS0021G03S,20150101,46
USS0046M04S,20150101,50
USS0046P01S,20150101,-46
USR0000OREM,20150101,167
USR0000VCRA,20150101,83
ASN00015603,20150101,418
CA006111769,20150101,-40
CA006072230,20150101,-70
USC00476398,20150101,-111
USC00472051,20150101,-72
USC00459455,20150101,-22
USC00449181,20150101,17
USC00439984,20150101,-44
USC00441082,20150101,44
ASN00062101,20150101,351
USC00428973,20150101,-56
UKE00105904,20150101,66
UKE00156832,20150101,76
USC00412676,20150101,72
USC00411250,20150101,17
USC00410174,20150101,-28
CA00501A7AR,20150101,-25
CA004063757,20150101,-223
CA004036844,20150101,2
SPE00120413,20150101,148
SPE00156486,20150101,117
SPE00119855,20150101,153
SIE00115206,20150101,-17
USC00290692,20150101,33
USC00291664,20150101,-22
USC00274234,20150101,-22
USC00269229,20150101,-11
USC00256385,20150101,-133
USS0007E39S,20150101,13
USS0007K06S,20150101,-51
USS0010F23S,20150101,-51
USR0000MDON,20150101,39
USR0000IMHO,20150101,-56
USR0000CWSC,20150101,-50
USR0000GSTE,20150101,150
USR0000IGOO,20150101,-83
USR0000CTRI,20150101,111
USR0000CDNK,20150101,72
USR0000CSUF,20150101,83
CA00116C8P0,20150101,-50
CA001100031,20150101,37
USC00108062,20150101,-56
USC00094138,20150101,94
USC00090311,20150101,156
USC00044534,20150101,83
KZ000038198,20150101,64
KZ000036397,20150101,-50
USC00021353,20150101,72
JA000047602,20150101,26
JA000047411,20150101,-15
USC00020288,20150101,56
USC00401720,20150101,11
USC00403938,20150101,0
USC00391076,20150101,-67
USC00355681,20150101,33
USC00360785,20150101,-6
SWE00138778,20150101,75
USC00328366,20150101,-33
USC00327311,20150101,-17
USC00321225,20150101,-22
USC00316380,20150101,72
USC00295490,20150101,-89
USC00156580,20150101,39
USC00141704,20150101,-17
RP000986530,20150101,315
USC00126580,20150101,-33
NOE00134118,20150101,27
USC00124837,20150101,-22
NOE00110653,20150101,84
EUM00061972,20150101,314
ASN00046043,20150101,398
IN019131301,20150101,207
CA008104295,20150101,-55
CA008201780,20150101,-19
CA008201390,20150101,-26
ASN00092114,20150101,239
IDM00096525,20150101,318
GHM00065465,20150101,305
GME00124726,20150101,5
GME00102236,20150101,44
FRM00007643,20150101,100
FRE00106207,20150101,100
FRE00171640,20150101,136
CA007018001,20150101,-44
CA006156559,20150101,7
ASN00083090,20150101,281
ASN00014404,20150101,310
CA003075160,20150101,31
USC00417300,20150101,39
USC00415341,20150101,72
CA001026562,20150101,49
USC00414254,20150101,100
TX000038647,20150101,65
UKE00156840,20150101,77
USC00411486,20150101,39
USC00409434,20150101,28
USC00386114,20150101,78
WA007401540,20150101,345
USW00094893,20150101,-43
USW00024110,20150101,-27
USW00053873,20150101,100
USW00093915,20150101,61
USW00094119,20150101,-77
USW00094128,20150101,-93
USS0018A19S,20150101,-84
USW00023258,20150101,106
USW00013878,20150101,133
USS0005J28S,20150101,-38
USS0013A19S,20150101,-105
USR0000TPRE,20150101,39
USR0000OPOL,20150101,-17
USR0000OLOG,20150101,-11
USR0000NNWB,20150101,122
USR0000CDVA,20150101,144
USC00242689,20150101,-11
USC00245080,20150101,-67
USC00235253,20150101,39
USC00224776,20150101,83
USC00211630,20150101,-56
USC00203278,20150101,-56
USC00202984,20150101,-39
USR0000CBUR,20150101,11
USR0000ACAM,20150101,0
USC00194131,20150101,-28
CA00114EMDM,20150101,-55
USC00507570,20150101,56
CA001125700,20150101,-10
USC00477581,20150101,-78
USC00473820,20150101,-83
USC00455659,20150101,-28
USC00449151,20150101,94
USC00040503,20150101,78
USC00030458,20150101,17
IRM00040769,20150101,106
USC00335505,20150101,-33
SWE00138216,20150101,55
USC00301102,20150101,-56
SWE00136663,20150101,67
SPE00120431,20150101,211
USC00250070,20150101,-100
IN006031000,20150101,230
IDM00096737,20150101,282
USC00179295,20150101,-72
USC00172440,20150101,-72
RP000098444,20150101,283
USC00137669,20150101,-67
USC00146808,20150101,-56
USC00131354,20150101,-56
USC00113312,20150101,-72
MXM00076323,20150101,214
USC00091908,20150101,78
USC00056765,20150101,-22
USC00056832,20150101,-150
ECM00084270,20150101,215
CHM00055279,20150101,23
USC00054834,20150101,-67
CE000434730,20150101,208
ASN00045025,20150101,422
GME00128794,20150101,40
ASN00090171,20150101,221
FIE00145852,20150101,27
USW00092827,20150101,263
USW00022010,20150101,44
USW00003761,20150101,44
USW00013986,20150101,-5
USS0022F18S,20150101,98
USS0013B22S,20150101,-70
USS0012C11S,20150101,-4
USS0007M31S,20150101,-66
USR0000NDSS,20150101,-28
USS0009S02S,20150101,-38
USR0000MPOI,20150101,-83
USR0000MWDO,20150101,-67
USR0000OMID,20150101,-39
USR0000CTHO,20150101,144
USR0000IPCR,20150101,-44
CA003010815,20150101,30
USR0000CMRK,20150101,22
USR0000CMTZ,20150101,83
USR0000COCR,20150101,89
USR0000CSQS,20150101,89
USR0000BLAC,20150101,-22
USR0000AHOO,20150101,-44
ARM00087548,20150101,260
CA00830P001,20150101,-40
USC00399337,20150101,-39
USC00368905,20150101,-28
USC00366886,20150101,11
CA006143089,20150101,-36
CA006041222,20150101,-19
USW00094898,20150101,-16
USW00093044,20150101,50
USC00230143,20150101,-56
USC00205690,20150101,-122
SPE00120395,20150101,124
USC00176881,20150101,-17
USC00173046,20150101,-44
SIE00115156,20150101,-11
USC00165065,20150101,100
USC00476678,20150101,-83
USC00474582,20150101,-128
CA001181508,20150101,5
USC00459021,20150101,61
ASN00001018,20150101,323
USC00424174,20150101,-33
USC00405158,20150101,44
USC00026194,20150101,89
USC00017999,20150101,83
MGM00044298,20150101,-76
USC00013818,20150101,94
JA000047590,20150101,32
JA000047597,20150101,19
USC00330676,20150101,-17
USC00308578,20150101,-56
TX000038750,20150101,119
USC00297605,20150101,-83
SWE00160176,20150101,68
USC00255590,20150101,-28
USC00248415,20150101,6
SWE00140228,20150101,39
SWE00139072,20150101,69
BKM00014654,20150101,-67
BOM00026850,20150101,18
ID000096145,20150101,282
GMM00010452,20150101,19
GMM00010870,20150101,10
GMW00034068,20150101,30
USC00152442,20150101,22
USC00131954,20150101,-83
RSM00030739,20150101,-184
USC00099502,20150101,106
USC00049063,20150101,44
ROE00108887,20150101,-54
USC00028619,20150101,156
CHM00054292,20150101,-88
USC00042402,20150101,100
CHM00054096,20150101,-140
CHM00050756,20150101,-159
INM00042071,20150101,232
ASN00023122,20150101,371
ASN00043109,20150101,386
GME00127942,20150101,11
GME00125458,20150101,22
GME00125314,20150101,47
GME00121258,20150101,58
FSM00061968,20150101,331
CA007027725,20150101,-60
CA007015791,20150101,-108
ASN00070217,20150101,280
USW00063869,20150101,144
AM000037792,20150101,47
USW00053912,20150101,39
USW00023052,20150101,-27
USW00026438,20150101,39
ASN00070015,20150101,326
USW00023051,20150101,6
USW00004112,20150101,-99
USS0005N18S,20150101,-35
USS0009S06S,20150101,-7
USR0000TCAM,20150101,44
USR0000TLRG,20150101,72
USR0000OWAM,20150101,-33
USR0000LGUM,20150101,67
USR0000IEZR,20150101,-89
USR0000CWAL,20150101,83
USR0000FOCH,20150101,283
CA003036099,20150101,27
USR0000CHAW,20150101,122
USR0000CBLA,20150101,-33
USR0000CCAR,20150101,122
USR0000AUMI,20150101,-172
USR0000AHIL,20150101,0
USR0000ASWA,20150101,22
ARM00087395,20150101,323
USC00487115,20150101,-150
CA002201022,20150101,-202
USC00447174,20150101,50
USC00435416,20150101,-133
USC00427686,20150101,-72
USC00415618,20150101,39
USC00416276,20150101,44
USC00411013,20150101,6
USC00393294,20150101,-61
USC00385362,20150101,89
USC00356634,20150101,-44
USC00329430,20150101,-22
USC00334874,20150101,0
USC00338810,20150101,0
USC00345590,20150101,-6
USC00343707,20150101,-11
CA004067655,20150101,-211
USC00326315,20150101,-11
CA004063605,20150101,-197
USW00014935,20150101,6
USW00013894,20150101,144
USW00013867,20150101,-11
USS0011E39S,20150101,-2
USS0012C13S,20150101,-2
USS0015A03S,20150101,-19
USS0020K13S,20150101,1
USC00299496,20150101,39
USC00300055,20150101,-22
USC00258395,20150101,-61
USC00270913,20150101,-61
USC00247248,20150101,22
USC00225247,20150101,83
USC00217379,20150101,-11
SWE00139462,20150101,50
USC00171833,20150101,-106
USC00162981,20150101,117
CA003010730,20150101,19
SPE00119990,20150101,160
USC00132689,20150101,-67
USC00133487,20150101,-61
USC00136151,20150101,-72
USC00140682,20150101,-83
USC00114012,20150101,0
USC00110442,20150101,-89
USC00091965,20150101,89
USC00099486,20150101,117
USC00089120,20150101,200
USC00081163,20150101,206
USC00083470,20150101,128
USC00084320,20150101,267
USC00056136,20150101,-39
USC00056306,20150101,-83
RSM00032121,20150101,-95
RSM00026275,20150101,33
RSM00024967,20150101,-361
USC00045532,20150101,89
NLE00113694,20150101,91
NLE00155389,20150101,53
USC00316256,20150101,56
USC00311248,20150101,67
USC00309442,20150101,-33
USC00313565,20150101,-44
ASN00009114,20150101,295
USC00303025,20150101,-78
JA000047610,20150101,1
USC00150254,20150101,-17
USC00154375,20150101,0
USC00148946,20150101,-83
USC00144559,20150101,-67
HUM00012882,20150101,-37
GME00121654,20150101,12
GME00102212,20150101,56
ASN00092045,20150101,214
ASN00090184,20150101,209
ASN00040405,20150101,327
CHM00058102,20150101,66
CHM00053614,20150101,0
KZ000038232,20150101,-10
USW00013984,20150101,-5
USW00053182,20150101,-11
USW00014860,20150101,11
USW00064775,20150101,-10
USW00093026,20150101,122
USW00093986,20150101,-21
USW00094765,20150101,-16
USW00013978,20150101,61
USW00012926,20150101,83
CA008400104,20150101,-26
CA008202810,20150101,-14
CA007056202,20150101,-51
CA00702FQLF,20150101,-19
USC00402388,20150101,44
USC00381625,20150101,83
CA005061648,20150101,-125
CA003072525,20150101,4
CA003070600,20150101,23
AR000087374,20150101,298
ASN00066194,20150101,294
CA003025243,20150101,18
ASN00014041,20150101,268
CA002202578,20150101,-252
CA001192946,20150101,70
RSM00030521,20150101,-181
RSM00029594,20150101,-72
RSM00024125,20150101,-443
USW00003170,20150101,-27
USW00012912,20150101,78
USR0000OWIC,20150101,-28
USR0000VBAC,20150101,100
USS0010E09S,20150101,-12
USS0051K15S,20150101,12
USR0000OFIN,20150101,39
USR0000MSEN,20150101,-39
USR0000NMAT,20150101,17
USR0000NMTI,20150101,128
USR0000NSPG,20150101,6
USR0000DPRI,20150101,83
USR0000IBNR,20150101,22
USR0000GTAL,20150101,117
USR0000AHOD,20150101,-94
USR0000AKLP,20150101,-83
USR0000ASIL,20150101,50
USR0000CHIG,20150101,61
USC00503275,20150101,-17
USC00451679,20150101,39
USC00446955,20150101,28
USC00436995,20150101,-50
USC00424100,20150101,0
USC00424321,20150101,-89
ASN00059030,20150101,298
USC00410923,20150101,11
USC00405882,20150101,50
USC00012172,20150101,106
USC00013043,20150101,100
USC00369408,20150101,-61
USC00361802,20150101,-67
USC00332651,20150101,28
USC00325479,20150101,-17
USC00265087,20150101,50
ASN00011003,20150101,294
SP000008416,20150101,166
USC00256075,20150101,-111
USC00219134,20150101,-89
USC00206507,20150101,-61
USC00201250,20150101,-6
USC00200228,20150101,-50
USC00182308,20150101,6
ASN00040958,20150101,306
GHM00065467,20150101,305
GLE00147558,20150101,-16
FRE00104052,20150101,57
USC00147542,20150101,-89
USC00143523,20150101,-56
USC00141522,20150101,-106
USC00141435,20150101,-78
NOE00105472,20150101,79
USC00125407,20150101,-39
NLE00152490,20150101,54
USC00113262,20150101,-83
MXM00076412,20150101,270
MXM00076256,20150101,244
MX000076654,20150101,314
ASN00048031,20150101,396
USC00083163,20150101,267
USC00055420,20150101,-144
USC00081306,20150101,278
USC00053652,20150101,-72
USC00049040,20150101,-17
USC00043261,20150101,61
USC00040379,20150101,83
IN018103100,20150101,231
ICW00016201,20150101,30
GME00129190,20150101,56
GME00124678,20150101,31
GME00124498,20150101,30
FMC00914843,20150101,317
FIE00146698,20150101,16
ASN00009968,20150101,259
ASN00086375,20150101,240
COM00080022,20150101,328
ASN00017031,20150101,425
ASN00035264,20150101,350
CA003035530,20150101,16
USW00093045,20150101,39
USW00093874,20150101,150
USW00054790,20150101,44
USW00014972,20150101,-5
USS0012M14S,20150101,-62
USW00013886,20150101,133
USS0022C13S,20150101,32
USW00003957,20150101,-10
USS0008N03S,20150101,-56
USW00013734,20150101,78
USS0010G22S,20150101,-1
USR0000INOR,20150101,6
USR0000OECK,20150101,0
USR0000KBSN,20150101,39
AEM00041217,20150101,282
CA007025250,20150101,-30
CA006151309,20150101,-15
CA006155790,20150101,-25
USC00368873,20150101,-39
USR0000OFOR,20150101,28
USS0006H20S,20150101,-34
USS0007E05S,20150101,6
USS0008G03S,20150101,-8
USS0008M08S,20150101,-34
USR0000CBLU,20150101,-44
USR0000AOAK,20150101,28
USR0000CLHO,20150101,39
USR0000ALIV,20150101,-56
USR0000AERV,20150101,0
CA002100301,20150101,-82
USC00509313,20150101,-61
USC00488192,20150101,-206
USC00236357,20150101,-61
USC00231822,20150101,-56
USC00489205,20150101,-11
USC00500363,20150101,17
USC00478171,20150101,-94
CA001096629,20150101,4
USC00458773,20150101,44
USC00451630,20150101,-61
USC00412084,20150101,-33
JA000047765,20150101,41
JA000047413,20150101,-44
JA000047512,20150101,20
USC00366194,20150101,44
USC00364976,20150101,-22
SWE00139660,20150101,42
USC00352973,20150101,67
USC00317618,20150101,72
USC00304808,20150101,-72
SPE00156432,20150101,130
USC00300443,20150101,-56
USC00294346,20150101,-6
USC00278858,20150101,-44
ASN00018120,20150101,375
GME00123310,20150101,45
FRM00007627,20150101,111
RSM00023966,20150101,-78
USC00214534,20150101,-72
USC00215488,20150101,-17
RQC00665807,20150101,294
USC00173261,20150101,-56
NOE00133122,20150101,56
USC00177037,20150101,-106
NOE00109737,20150101,95
USC00135844,20150101,-56
NLE00152474,20150101,53
USC00052223,20150101,-33
USC00044555,20150101,139
USC00047111,20150101,144
USC00051996,20150101,-100
USC00031968,20150101,17
MGM00044336,20150101,-1
BOM00026774,20150101,9
IN001080500,20150101,306
IDM00097406,20150101,324
AYM00089532,20150101,16
GME00129862,20150101,54
GME00126070,20150101,46
FIE00146703,20150101,15
CQC00914855,20150101,306
CHM00056106,20150101,40
CHM00057902,20150101,122
CHM00058040,20150101,34
AGM00060581,20150101,129
AJ000037575,20150101,71
USW00094054,20150101,17
USW00093102,20150101,-5
USW00092821,20150101,232
USW00027502,20150101,-188
USW00027406,20150101,-171
USW00023047,20150101,-27
USW00024128,20150101,-10
USS0017D07S,20150101,16
USW00003164,20150101,94
USS0020G02S,20150101,46
USS0017D06S,20150101,-33
USR0000SBEA,20150101,17
USS0006J15S,20150101,24
USS0013B07S,20150101,-44
USS0015H09S,20150101,-6
USR0000ILOD,20150101,-50
USR0000CELM,20150101,161
USR0000AQTZ,20150101,-28
USR0000ALIM,20150101,-33
AR000087623,20150101,313
ASN00014142,20150101,266
ASN00067019,20150101,345
USC00489615,20150101,-39
USC00478376,20150101,-94
USC00478910,20150101,-78
CA007042749,20150101,-50
CA002400602,20150101,-278
USC00416210,20150101,33
USC00407141,20150101,-6
USC00385493,20150101,94
USC00359588,20150101,100
ASN00061375,20150101,328
USC00353818,20150101,-6
USC00318694,20150101,0
USC00315743,20150101,72
USC00311677,20150101,72
USC00233102,20150101,-61
USC00232619,20150101,11
USC00230360,20150101,-22
SWE00139888,20150101,18
USC00207407,20150101,-61
ASN00056242,20150101,330
USC00178998,20150101,-33
USC00170833,20150101,-44
USC00158555,20150101,28
USC00154138,20150101,11
SP000060040,20150101,210
USC00130536,20150101,-67
USC00132110,20150101,-11
USC00117345,20150101,-39
USC00118186,20150101,-39
USC00123146,20150101,39
USC00126705,20150101,-28
CA003037550,20150101,-15
USC00444909,20150101,11
USC00425807,20150101,-56
USC00422385,20150101,-83
USC00418924,20150101,11
RSM00029892,20150101,-102
RSM00023711,20150101,-300
RSM00024656,20150101,-444
USC00029645,20150101,0
POM00008515,20150101,187
USC00021654,20150101,28
ASN00002056,20150101,311
USC00268761,20150101,-67
USC00247448,20150101,-106
USC00242104,20150101,-106
IN005150100,20150101,226
USC00114710,20150101,-67
USC00103964,20150101,-144
USC00055706,20150101,-72
USC00049378,20150101,144
USC00049053,20150101,11
GME00123862,20150101,52
GME00122650,20150101,3
FRM00007005,20150101,60
FRM00007299,20150101,7
EZM00011423,20150101,-1
CVM00008589,20150101,255
ASN00040211,20150101,321
IV000005562,20150101,330
ITM00016008,20150101,48
CA008403505,20150101,-37
IDM00097016,20150101,340
GME00130234,20150101,2
GME00131182,20150101,44
ASN00041100,20150101,351
CA005060608,20150101,-260
CA005041685,20150101,-150
ASN00014626,20150101,339
UZM00038396,20150101,26
USW00094060,20150101,7
USW00023909,20150101,20
USW00013971,20150101,39
USS0017D08S,20150101,-8
USS0021C41S,20150101,61
USW00003962,20150101,33
USR0000MGLE,20150101,28
USR0000GTOC,20150101,83
USR0000MATL,20150101,6
USR0000AHOG,20150101,-44
USR0000CBAT,20150101,111
USR0000CCOL,20150101,72
USR0000COWE,20150101,111
USC00488705,20150101,-6
USC00486852,20150101,-111
CA001160899,20150101,-77
USC00421308,20150101,-56
USC00393211,20150101,-72
USC00391539,20150101,-61
USC00320626,20150101,-44
USC00324091,20150101,-28
USC00310645,20150101,-56
USC00275629,20150101,-56
TV000091643,20150101,320
USC00262296,20150101,-33
USC00227111,20150101,72
SWE00139498,20150101,15
USC00203632,20150101,-61
USC00195984,20150101,-17
USC00198757,20150101,0
SWE00138856,20150101,55
SWE00137724,20150101,61
USC00158432,20150101,11
USC00156136,20150101,17
USC00147534,20150101,-61
USS0010E06S,20150101,27
USS0010G23S,20150101,12
USS0010D12S,20150101,-6
USS0005M03S,20150101,-32
USR0000OWAS,20150101,-56
USR0000TANA,20150101,89
USR0000OGAD,20150101,100
USR0000MEUR,20150101,-83
USC00116837,20150101,-39
USC00116579,20150101,-28
SF000236780,20150101,358
USC00098064,20150101,117
USC00082944,20150101,194
RSM00027507,20150101,11
RSM00021824,20150101,-258
ROE00108895,20150101,-74
USC00049452,20150101,89
USC00049490,20150101,117
USC00047195,20150101,56
USC00041316,20150101,67
USC00361362,20150101,-72
USC00354819,20150101,33
MA000067143,20150101,315
USC00349428,20150101,-28
IRM00040731,20150101,120
SPE00120512,20150101,160
ASN00027073,20150101,356
GME00127222,20150101,62
GME00128854,20150101,30
GME00125530,20150101,55
GG000037518,20150101,45
GME00122002,20150101,64
FRE00106195,20150101,59
FIE00144712,20150101,30
FIE00144782,20150101,35
FIE00144637,20150101,27
MXM00076845,20150101,204
MR000061421,20150101,234
MCM00045011,20150101,196
FIE00142495,20150101,44
CHM00054776,20150101,-15
